Position (cm),Ga (%),x,y
1.00E-03,6,0.000001,1.791759469
5.00E-03,6,0.000025,1.791759469
1.00E-02,5.98,0.0001,1.788420568
1.50E-02,4.82,0.000225,1.572773928
1.75E-02,2.22,0.00030625,0.7975071959
2.00E-02,0.01,0.0004,-4.605170186